{
    "body": "{\"BuildingLong\": -81.19973601440675, \"BuildingLat\": 28.600288638812795}"
}
  