{
    "BuildingLong": 4545.342343243242,
    "BuildingLat": 342.4324242424
}